dtstart,dtend,uid,salle,Matiere,Enseignants,Type,Memo,Formation
2023-09-25T06:00:00Z,2023-09-25T17:00:00Z,Cours-2543-14-M1-IA-IL-ALT-Index-Education,,Reservation de salles,,,entreprise,AI-ALT
2023-10-02T06:00:00Z,2023-10-02T17:00:00Z,Cours-2543-15-M1-IA-IL-ALT-Index-Education,,Reservation de salles,,,entreprise,AI-ALT
2023-10-23T06:00:00Z,2023-10-23T17:00:00Z,Cours-2543-18-M1-IA-IL-ALT-Index-Education,,Reservation de salles,,,entreprise,AI-ALT
2023-10-30T07:00:00Z,2023-10-30T18:00:00Z,Cours-2543-19-M1-IA-IL-ALT-Index-Education,,Reservation de salles,,,entreprise,AI-ALT
2023-11-20T07:00:00Z,2023-11-20T18:00:00Z,Cours-2543-22-M1-IA-IL-ALT-Index-Education,,Reservation de salles,,,entreprise,AI-ALT
2023-11-27T07:00:00Z,2023-11-27T18:00:00Z,Cours-2543-23-M1-IA-IL-ALT-Index-Education,,Reservation de salles,,,entreprise,AI-ALT
2024-01-15T07:00:00Z,2024-01-15T18:00:00Z,Cours-2543-30-M1-IA-IL-ALT-Index-Education,,Reservation de salles,,,entreprise,AI-ALT
2024-01-22T07:00:00Z,2024-01-22T18:00:00Z,Cours-2543-31-M1-IA-IL-ALT-Index-Education,,Reservation de salles,,,entreprise,AI-ALT
2024-02-19T07:00:00Z,2024-02-19T18:00:00Z,Cours-2543-35-M1-IA-IL-ALT-Index-Education,,Reservation de salles,,,entreprise,AI-ALT
2024-02-26T07:00:00Z,2024-02-26T18:00:00Z,Cours-2543-36-M1-IA-IL-ALT-Index-Education,,Reservation de salles,,,entreprise,AI-ALT
2024-03-25T07:00:00Z,2024-03-25T18:00:00Z,Cours-2543-40-M1-IA-IL-ALT-Index-Education,,Reservation de salles,,,entreprise,AI-ALT
2024-04-22T06:00:00Z,2024-04-22T17:00:00Z,Cours-2543-44-M1-IA-IL-ALT-Index-Education,,Reservation de salles,,,entreprise,AI-ALT
2024-04-29T06:00:00Z,2024-04-29T17:00:00Z,Cours-2543-45-M1-IA-IL-ALT-Index-Education,,Reservation de salles,,,entreprise,AI-ALT
2024-05-06T06:00:00Z,2024-05-06T17:00:00Z,Cours-2543-46-M1-IA-IL-ALT-Index-Education,,Reservation de salles,,,entreprise,AI-ALT
2024-05-27T06:00:00Z,2024-05-27T17:00:00Z,Cours-2543-49-M1-IA-IL-ALT-Index-Education,,Reservation de salles,,,entreprise,AI-ALT
2024-06-03T06:00:00Z,2024-06-03T17:00:00Z,Cours-2543-50-M1-IA-IL-ALT-Index-Education,,Reservation de salles,,,entreprise,AI-ALT
2024-06-10T06:00:00Z,2024-06-10T17:00:00Z,Cours-2543-51-M1-IA-IL-ALT-Index-Education,,Reservation de salles,,,entreprise,AI-ALT
2024-06-17T06:00:00Z,2024-06-17T17:00:00Z,Cours-2543-52-M1-IA-IL-ALT-Index-Education,,Reservation de salles,,,entreprise,AI-ALT
2024-06-24T06:00:00Z,2024-06-24T17:00:00Z,Cours-2543-53-M1-IA-IL-ALT-Index-Education,,Reservation de salles,,,entreprise,AI-ALT
2024-07-01T06:00:00Z,2024-07-01T17:00:00Z,Cours-2543-54-M1-IA-IL-ALT-Index-Education,,Reservation de salles,,,entreprise,AI-ALT
2023-09-26T06:00:00Z,2023-09-26T17:00:00Z,Cours-2548-14-M1-IA-IL-ALT-Index-Education,,Reservation de salles,,,entreprise,AI-ALT
2023-10-03T06:00:00Z,2023-10-03T17:00:00Z,Cours-2548-15-M1-IA-IL-ALT-Index-Education,,Reservation de salles,,,entreprise,AI-ALT
2023-10-24T06:00:00Z,2023-10-24T17:00:00Z,Cours-2548-18-M1-IA-IL-ALT-Index-Education,,Reservation de salles,,,entreprise,AI-ALT
2023-10-31T07:00:00Z,2023-10-31T18:00:00Z,Cours-2548-19-M1-IA-IL-ALT-Index-Education,,Reservation de salles,,,entreprise,AI-ALT
2023-11-21T07:00:00Z,2023-11-21T18:00:00Z,Cours-2548-22-M1-IA-IL-ALT-Index-Education,,Reservation de salles,,,entreprise,AI-ALT
2023-11-28T07:00:00Z,2023-11-28T18:00:00Z,Cours-2548-23-M1-IA-IL-ALT-Index-Education,,Reservation de salles,,,entreprise,AI-ALT
2023-12-26T07:00:00Z,2023-12-26T18:00:00Z,Cours-2548-27-M1-IA-IL-ALT-Index-Education,,Reservation de salles,,,entreprise,AI-ALT
2024-01-02T07:00:00Z,2024-01-02T18:00:00Z,Cours-2548-28-M1-IA-IL-ALT-Index-Education,,Reservation de salles,,,entreprise,AI-ALT
2024-01-16T07:00:00Z,2024-01-16T18:00:00Z,Cours-2548-30-M1-IA-IL-ALT-Index-Education,,Reservation de salles,,,entreprise,AI-ALT
2024-01-23T07:00:00Z,2024-01-23T18:00:00Z,Cours-2548-31-M1-IA-IL-ALT-Index-Education,,Reservation de salles,,,entreprise,AI-ALT
2024-02-20T07:00:00Z,2024-02-20T18:00:00Z,Cours-2548-35-M1-IA-IL-ALT-Index-Education,,Reservation de salles,,,entreprise,AI-ALT
2024-02-27T07:00:00Z,2024-02-27T18:00:00Z,Cours-2548-36-M1-IA-IL-ALT-Index-Education,,Reservation de salles,,,entreprise,AI-ALT
2024-03-26T07:00:00Z,2024-03-26T18:00:00Z,Cours-2548-40-M1-IA-IL-ALT-Index-Education,,Reservation de salles,,,entreprise,AI-ALT
2024-04-02T06:00:00Z,2024-04-02T17:00:00Z,Cours-2548-41-M1-IA-IL-ALT-Index-Education,,Reservation de salles,,,entreprise,AI-ALT
2024-04-23T06:00:00Z,2024-04-23T17:00:00Z,Cours-2548-44-M1-IA-IL-ALT-Index-Education,,Reservation de salles,,,entreprise,AI-ALT
2024-04-30T06:00:00Z,2024-04-30T17:00:00Z,Cours-2548-45-M1-IA-IL-ALT-Index-Education,,Reservation de salles,,,entreprise,AI-ALT
2024-05-07T06:00:00Z,2024-05-07T17:00:00Z,Cours-2548-46-M1-IA-IL-ALT-Index-Education,,Reservation de salles,,,entreprise,AI-ALT
2024-05-21T06:00:00Z,2024-05-21T17:00:00Z,Cours-2548-48-M1-IA-IL-ALT-Index-Education,,Reservation de salles,,,entreprise,AI-ALT
2024-05-28T06:00:00Z,2024-05-28T17:00:00Z,Cours-2548-49-M1-IA-IL-ALT-Index-Education,,Reservation de salles,,,entreprise,AI-ALT
2024-06-04T06:00:00Z,2024-06-04T17:00:00Z,Cours-2548-50-M1-IA-IL-ALT-Index-Education,,Reservation de salles,,,entreprise,AI-ALT
2024-06-11T06:00:00Z,2024-06-11T17:00:00Z,Cours-2548-51-M1-IA-IL-ALT-Index-Education,,Reservation de salles,,,entreprise,AI-ALT
2024-06-18T06:00:00Z,2024-06-18T17:00:00Z,Cours-2548-52-M1-IA-IL-ALT-Index-Education,,Reservation de salles,,,entreprise,AI-ALT
2024-06-25T06:00:00Z,2024-06-25T17:00:00Z,Cours-2548-53-M1-IA-IL-ALT-Index-Education,,Reservation de salles,,,entreprise,AI-ALT
2024-07-02T06:00:00Z,2024-07-02T17:00:00Z,Cours-2548-54-M1-IA-IL-ALT-Index-Education,,Reservation de salles,,,entreprise,AI-ALT
2023-09-28T06:00:00Z,2023-09-28T17:00:00Z,Cours-2552-14-M1-IA-IL-ALT-Index-Education,,Reservation de salles,,,entreprise,AI-ALT
2023-10-05T06:00:00Z,2023-10-05T17:00:00Z,Cours-2552-15-M1-IA-IL-ALT-Index-Education,,Reservation de salles,,,entreprise,AI-ALT
2023-10-26T06:00:00Z,2023-10-26T17:00:00Z,Cours-2552-18-M1-IA-IL-ALT-Index-Education,,Reservation de salles,,,entreprise,AI-ALT
2023-11-23T07:00:00Z,2023-11-23T18:00:00Z,Cours-2552-22-M1-IA-IL-ALT-Index-Education,,Reservation de salles,,,entreprise,AI-ALT
2023-11-30T07:00:00Z,2023-11-30T18:00:00Z,Cours-2552-23-M1-IA-IL-ALT-Index-Education,,Reservation de salles,,,entreprise,AI-ALT
2023-12-28T07:00:00Z,2023-12-28T18:00:00Z,Cours-2552-27-M1-IA-IL-ALT-Index-Education,,Reservation de salles,,,entreprise,AI-ALT
2024-01-04T07:00:00Z,2024-01-04T18:00:00Z,Cours-2552-28-M1-IA-IL-ALT-Index-Education,,Reservation de salles,,,entreprise,AI-ALT
2024-01-18T07:00:00Z,2024-01-18T18:00:00Z,Cours-2552-30-M1-IA-IL-ALT-Index-Education,,Reservation de salles,,,entreprise,AI-ALT
2024-01-25T07:00:00Z,2024-01-25T18:00:00Z,Cours-2552-31-M1-IA-IL-ALT-Index-Education,,Reservation de salles,,,entreprise,AI-ALT
2024-02-22T07:00:00Z,2024-02-22T18:00:00Z,Cours-2552-35-M1-IA-IL-ALT-Index-Education,,Reservation de salles,,,entreprise,AI-ALT
2024-02-29T07:00:00Z,2024-02-29T18:00:00Z,Cours-2552-36-M1-IA-IL-ALT-Index-Education,,Reservation de salles,,,entreprise,AI-ALT
2024-03-28T07:00:00Z,2024-03-28T18:00:00Z,Cours-2552-40-M1-IA-IL-ALT-Index-Education,,Reservation de salles,,,entreprise,AI-ALT
2024-04-04T06:00:00Z,2024-04-04T17:00:00Z,Cours-2552-41-M1-IA-IL-ALT-Index-Education,,Reservation de salles,,,entreprise,AI-ALT
2024-04-25T06:00:00Z,2024-04-25T17:00:00Z,Cours-2552-44-M1-IA-IL-ALT-Index-Education,,Reservation de salles,,,entreprise,AI-ALT
2024-05-23T06:00:00Z,2024-05-23T17:00:00Z,Cours-2552-48-M1-IA-IL-ALT-Index-Education,,Reservation de salles,,,entreprise,AI-ALT
2024-05-30T06:00:00Z,2024-05-30T17:00:00Z,Cours-2552-49-M1-IA-IL-ALT-Index-Education,,Reservation de salles,,,entreprise,AI-ALT
2024-06-06T06:00:00Z,2024-06-06T17:00:00Z,Cours-2552-50-M1-IA-IL-ALT-Index-Education,,Reservation de salles,,,entreprise,AI-ALT
2024-06-13T06:00:00Z,2024-06-13T17:00:00Z,Cours-2552-51-M1-IA-IL-ALT-Index-Education,,Reservation de salles,,,entreprise,AI-ALT
2024-06-20T06:00:00Z,2024-06-20T17:00:00Z,Cours-2552-52-M1-IA-IL-ALT-Index-Education,,Reservation de salles,,,entreprise,AI-ALT
2024-06-27T06:00:00Z,2024-06-27T17:00:00Z,Cours-2552-53-M1-IA-IL-ALT-Index-Education,,Reservation de salles,,,entreprise,AI-ALT
2024-07-04T06:00:00Z,2024-07-04T17:00:00Z,Cours-2552-54-M1-IA-IL-ALT-Index-Education,,Reservation de salles,,,entreprise,AI-ALT
2023-09-29T06:00:00Z,2023-09-29T17:00:00Z,Cours-2553-14-M1-IA-IL-ALT-Index-Education,,Reservation de salles,,,entreprise,AI-ALT
2023-10-06T06:00:00Z,2023-10-06T17:00:00Z,Cours-2553-15-M1-IA-IL-ALT-Index-Education,,Reservation de salles,,,entreprise,AI-ALT
2023-10-27T06:00:00Z,2023-10-27T17:00:00Z,Cours-2553-18-M1-IA-IL-ALT-Index-Education,,Reservation de salles,,,entreprise,AI-ALT
2023-11-24T07:00:00Z,2023-11-24T18:00:00Z,Cours-2553-22-M1-IA-IL-ALT-Index-Education,,Reservation de salles,,,entreprise,AI-ALT
2023-12-01T07:00:00Z,2023-12-01T18:00:00Z,Cours-2553-23-M1-IA-IL-ALT-Index-Education,,Reservation de salles,,,entreprise,AI-ALT
2023-12-29T07:00:00Z,2023-12-29T18:00:00Z,Cours-2553-27-M1-IA-IL-ALT-Index-Education,,Reservation de salles,,,entreprise,AI-ALT
2024-01-05T07:00:00Z,2024-01-05T18:00:00Z,Cours-2553-28-M1-IA-IL-ALT-Index-Education,,Reservation de salles,,,entreprise,AI-ALT
2024-01-19T07:00:00Z,2024-01-19T18:00:00Z,Cours-2553-30-M1-IA-IL-ALT-Index-Education,,Reservation de salles,,,entreprise,AI-ALT
2024-01-26T07:00:00Z,2024-01-26T18:00:00Z,Cours-2553-31-M1-IA-IL-ALT-Index-Education,,Reservation de salles,,,entreprise,AI-ALT
2024-02-23T07:00:00Z,2024-02-23T18:00:00Z,Cours-2553-35-M1-IA-IL-ALT-Index-Education,,Reservation de salles,,,entreprise,AI-ALT
2024-03-01T07:00:00Z,2024-03-01T18:00:00Z,Cours-2553-36-M1-IA-IL-ALT-Index-Education,,Reservation de salles,,,entreprise,AI-ALT
2024-03-29T07:00:00Z,2024-03-29T18:00:00Z,Cours-2553-40-M1-IA-IL-ALT-Index-Education,,Reservation de salles,,,entreprise,AI-ALT
2024-04-05T06:00:00Z,2024-04-05T17:00:00Z,Cours-2553-41-M1-IA-IL-ALT-Index-Education,,Reservation de salles,,,entreprise,AI-ALT
2024-04-26T06:00:00Z,2024-04-26T17:00:00Z,Cours-2553-44-M1-IA-IL-ALT-Index-Education,,Reservation de salles,,,entreprise,AI-ALT
2024-05-24T06:00:00Z,2024-05-24T17:00:00Z,Cours-2553-48-M1-IA-IL-ALT-Index-Education,,Reservation de salles,,,entreprise,AI-ALT
2024-05-31T06:00:00Z,2024-05-31T17:00:00Z,Cours-2553-49-M1-IA-IL-ALT-Index-Education,,Reservation de salles,,,entreprise,AI-ALT
2024-06-07T06:00:00Z,2024-06-07T17:00:00Z,Cours-2553-50-M1-IA-IL-ALT-Index-Education,,Reservation de salles,,,entreprise,AI-ALT
2024-06-14T06:00:00Z,2024-06-14T17:00:00Z,Cours-2553-51-M1-IA-IL-ALT-Index-Education,,Reservation de salles,,,entreprise,AI-ALT
2024-06-21T06:00:00Z,2024-06-21T17:00:00Z,Cours-2553-52-M1-IA-IL-ALT-Index-Education,,Reservation de salles,,,entreprise,AI-ALT
2024-06-28T06:00:00Z,2024-06-28T17:00:00Z,Cours-2553-53-M1-IA-IL-ALT-Index-Education,,Reservation de salles,,,entreprise,AI-ALT
2024-07-05T06:00:00Z,2024-07-05T17:00:00Z,Cours-2553-54-M1-IA-IL-ALT-Index-Education,,Reservation de salles,,,entreprise,AI-ALT
2024-04-01T06:00:00Z,2024-04-01T17:00:00Z,Cours-2572-41-M1-IA-IL-ALT-Index-Education,,Reservation de salles,,,entreprise,AI-ALT
2023-09-27T06:00:00Z,2023-09-27T17:00:00Z,Cours-2579-14-M1-IA-IL-ALT-Index-Education,,Reservation de salles,,,entreprise,AI-ALT
2023-10-04T06:00:00Z,2023-10-04T17:00:00Z,Cours-2579-15-M1-IA-IL-ALT-Index-Education,,Reservation de salles,,,entreprise,AI-ALT
2023-10-25T06:00:00Z,2023-10-25T17:00:00Z,Cours-2579-18-M1-IA-IL-ALT-Index-Education,,Reservation de salles,,,entreprise,AI-ALT
2023-11-01T07:00:00Z,2023-11-01T18:00:00Z,Cours-2579-19-M1-IA-IL-ALT-Index-Education,,Reservation de salles,,,entreprise,AI-ALT
2023-11-22T07:00:00Z,2023-11-22T18:00:00Z,Cours-2579-22-M1-IA-IL-ALT-Index-Education,,Reservation de salles,,,entreprise,AI-ALT
2023-11-29T07:00:00Z,2023-11-29T18:00:00Z,Cours-2579-23-M1-IA-IL-ALT-Index-Education,,Reservation de salles,,,entreprise,AI-ALT
2023-12-27T07:00:00Z,2023-12-27T18:00:00Z,Cours-2579-27-M1-IA-IL-ALT-Index-Education,,Reservation de salles,,,entreprise,AI-ALT
2024-01-03T07:00:00Z,2024-01-03T18:00:00Z,Cours-2579-28-M1-IA-IL-ALT-Index-Education,,Reservation de salles,,,entreprise,AI-ALT
2024-01-17T07:00:00Z,2024-01-17T18:00:00Z,Cours-2579-30-M1-IA-IL-ALT-Index-Education,,Reservation de salles,,,entreprise,AI-ALT
2024-01-24T07:00:00Z,2024-01-24T18:00:00Z,Cours-2579-31-M1-IA-IL-ALT-Index-Education,,Reservation de salles,,,entreprise,AI-ALT
2024-02-21T07:00:00Z,2024-02-21T18:00:00Z,Cours-2579-35-M1-IA-IL-ALT-Index-Education,,Reservation de salles,,,entreprise,AI-ALT
2024-02-28T07:00:00Z,2024-02-28T18:00:00Z,Cours-2579-36-M1-IA-IL-ALT-Index-Education,,Reservation de salles,,,entreprise,AI-ALT
2024-03-27T07:00:00Z,2024-03-27T18:00:00Z,Cours-2579-40-M1-IA-IL-ALT-Index-Education,,Reservation de salles,,,entreprise,AI-ALT
2024-04-03T06:00:00Z,2024-04-03T17:00:00Z,Cours-2579-41-M1-IA-IL-ALT-Index-Education,,Reservation de salles,,,entreprise,AI-ALT
2024-04-24T06:00:00Z,2024-04-24T17:00:00Z,Cours-2579-44-M1-IA-IL-ALT-Index-Education,,Reservation de salles,,,entreprise,AI-ALT
2024-05-22T06:00:00Z,2024-05-22T17:00:00Z,Cours-2579-48-M1-IA-IL-ALT-Index-Education,,Reservation de salles,,,entreprise,AI-ALT
2024-05-29T06:00:00Z,2024-05-29T17:00:00Z,Cours-2579-49-M1-IA-IL-ALT-Index-Education,,Reservation de salles,,,entreprise,AI-ALT
2024-06-05T06:00:00Z,2024-06-05T17:00:00Z,Cours-2579-50-M1-IA-IL-ALT-Index-Education,,Reservation de salles,,,entreprise,AI-ALT
2024-06-12T06:00:00Z,2024-06-12T17:00:00Z,Cours-2579-51-M1-IA-IL-ALT-Index-Education,,Reservation de salles,,,entreprise,AI-ALT
2024-06-19T06:00:00Z,2024-06-19T17:00:00Z,Cours-2579-52-M1-IA-IL-ALT-Index-Education,,Reservation de salles,,,entreprise,AI-ALT
2024-06-26T06:00:00Z,2024-06-26T17:00:00Z,Cours-2579-53-M1-IA-IL-ALT-Index-Education,,Reservation de salles,,,entreprise,AI-ALT
2024-07-03T06:00:00Z,2024-07-03T17:00:00Z,Cours-2579-54-M1-IA-IL-ALT-Index-Education,,Reservation de salles,,,entreprise,AI-ALT
2024-05-20T06:00:00Z,2024-05-20T17:00:00Z,Cours-2580-48-M1-IA-IL-ALT-Index-Education,,Reservation de salles,,,entreprise,AI-ALT
2023-09-11T07:00:00Z,2023-09-11T08:00:00Z,Cours-2644-12-M1-IA-IL-ALT-Index-Education,Amphi Ada,Reservation de salles,FREDOUILLE Corinne,,reunion de rentree des alternants,AI-ALT
2023-10-18T11:00:00Z,2023-10-18T12:30:00Z,Cours-5126-17-M1-IA-IL-ALT-Index-Education,S3 = C 036,UCE 1 ANGLAIS (ORIENTE ENTREP,REY Carole,TP,,AI-ALT
2023-09-19T09:30:00Z,2023-09-19T11:00:00Z,Cours-5129-13-M1-IA-IL-ALT-Index-Education,S3 = C 036,UCE 1 ANGLAIS (ORIENTE ENTREP,REY Carole,TP,,AI-ALT
2023-10-12T12:30:00Z,2023-10-12T14:00:00Z,Cours-5130-16-M1-IA-IL-ALT-Index-Education,S3 = C 036,UCE 1 ANGLAIS (ORIENTE ENTREP,REY Carole,TP,,AI-ALT
2023-11-06T07:30:00Z,2023-11-06T09:00:00Z,Cours-5143-20-M1-IA-IL-ALT-Index-Education,S3 = C 036,UCE 1 ANGLAIS (ORIENTE ENTREP,REY Carole,TP,,AI-ALT
2023-11-13T07:30:00Z,2023-11-13T09:00:00Z,Cours-5147-21-M1-IA-IL-ALT-Index-Education,S3 = C 036,UCE 1 ANGLAIS (ORIENTE ENTREP,REY Carole,TP,,AI-ALT
2023-12-06T07:30:00Z,2023-12-06T09:00:00Z,Cours-5151-24-M1-IA-IL-ALT-Index-Education,S3 = C 036,UCE 1 ANGLAIS (ORIENTE ENTREP,REY Carole,TP,,AI-ALT
2023-12-11T07:30:00Z,2023-12-11T09:00:00Z,Cours-5155-25-M1-IA-IL-ALT-Index-Education,S3 = C 036,UCE 1 ANGLAIS (ORIENTE ENTREP,REY Carole,TP,,AI-ALT
2024-01-08T07:30:00Z,2024-01-08T09:00:00Z,Cours-5163-29-M1-IA-IL-ALT-Index-Education,S3 = C 036,UCE 1 ANGLAIS (ORIENTE ENTREP,REY Carole,TP,,AI-ALT
2023-11-17T07:30:00Z,2023-11-17T09:00:00Z,Cours-5232-21-M1-IA-IL-ALT-Index-Education,Amphi Blaise,UCE 1 ANGLAIS (ORIENTE ENTREP,REY Carole,Evaluation,,AI-ALT
2024-01-12T15:00:00Z,2024-01-12T16:30:00Z,Cours-5239-29-M1-IA-IL-ALT-Index-Education,Amphi Blaise,UCE 1 ANGLAIS (ORIENTE ENTREP,REY Carole,Evaluation,,AI-ALT
2023-09-21T08:00:00Z,2023-09-21T11:00:00Z,Cours-5241-13-M1-IA-IL-ALT-Index-Education,Amphi Ada,UCE 2 MANAGEMENT PAR LES PROC,MARTIN Yannis,CM,,AI-ALT
2023-09-15T08:00:00Z,2023-09-15T11:00:00Z,Cours-5243-12-M1-IA-IL-ALT-Index-Education,S5 = C 024,UCE 2 MANAGEMENT PAR LES PROC,PUY CAZCARRA Emmanuel,CM,,AI-ALT
2023-12-12T13:30:00Z,2023-12-12T15:00:00Z,Cours-5246-25-M1-IA-IL-ALT-Index-Education,Amphi Blaise,UCE 2 MANAGEMENT PAR LES PROC,MARTIN Yannis,CM,,AI-ALT
2023-11-06T15:00:00Z,2023-11-06T18:00:00Z,Cours-5248-20-M1-IA-IL-ALT-Index-Education,Amphi Blaise,UCE 2 MANAGEMENT PAR LES PROC,PUY CAZCARRA Emmanuel,CM,,AI-ALT
2023-11-16T10:30:00Z,2023-11-16T12:00:00Z,Cours-5262-21-M1-IA-IL-ALT-Index-Education,Amphi Ada,UCE 2 MANAGEMENT PAR LES PROC,PUY CAZCARRA Emmanuel,CM,,AI-ALT
2023-12-07T09:00:00Z,2023-12-07T12:00:00Z,Cours-5265-24-M1-IA-IL-ALT-Index-Education,Amphi Ada,UCE 2 MANAGEMENT PAR LES PROC,PUY CAZCARRA Emmanuel,CM,,AI-ALT
2023-12-12T09:00:00Z,2023-12-12T12:00:00Z,Cours-5271-25-M1-IA-IL-ALT-Index-Education,Amphi Ada,UCE 2 MANAGEMENT PAR LES PROC,MARTIN Yannis,CM,,AI-ALT
2024-01-10T12:00:00Z,2024-01-10T13:30:00Z,Cours-5278-29-M1-IA-IL-ALT-Index-Education,Amphi Blaise,UCE 2 MANAGEMENT PAR LES PROC,"MARTIN Yannis, PUY CAZCARRA Emmanuel",Evaluation,,AI-ALT
2023-09-14T11:00:00Z,2023-09-14T14:00:00Z,Cours-5302-12-M1-IA-IL-ALT-Index-Education,Amphi Blaise,UCE 3 GESTION DE PROJET,COSTA Jean-pierre,CM,,AI-ALT
2023-09-14T14:00:00Z,2023-09-14T17:00:00Z,Cours-5304-12-M1-IA-IL-ALT-Index-Education,Amphi Blaise,UCE 3 GESTION DE PROJET,COSTA Jean-pierre,CM,,AI-ALT
2023-11-08T13:30:00Z,2023-11-08T16:30:00Z,Cours-5351-20-M1-IA-IL-ALT-Index-Education,S3 = C 036,UCE 3 GESTION DE PROJET,COSTA Jean-pierre,TD,,AI-ALT
2023-10-18T14:00:00Z,2023-10-18T17:00:00Z,Cours-5399-17-M1-IA-IL-ALT-Index-Education,Stat 4 = Info - C 131,UCE 4 APPLICATION DE MSI,MARTIN Yannis,TP,,AI-ALT
2023-11-16T13:30:00Z,2023-11-16T16:30:00Z,Cours-5402-21-M1-IA-IL-ALT-Index-Education,Stat 7 = Info - C 128,UCE 4 APPLICATION DE MSI,MARTIN Yannis,TP,,AI-ALT
2023-10-19T06:30:00Z,2023-10-19T09:30:00Z,Cours-5405-17-M1-IA-IL-ALT-Index-Education,Stat 2 = Info - C 136,UCE 4 APPLICATION DE MSI,MARTIN Yannis,TP,,AI-ALT
2023-09-13T14:00:00Z,2023-09-13T15:30:00Z,Cours-5407-12-M1-IA-IL-ALT-Index-Education,Amphi Ada,UCE 1 DESIGN PATTERN AVANCE,NABITZ Sophie,CM,,AI-ALT
2023-09-20T14:00:00Z,2023-09-20T17:00:00Z,Cours-5422-13-M1-IA-IL-ALT-Index-Education,Amphi Blaise,UCE 1 DESIGN PATTERN AVANCE,NABITZ Sophie,CM,,AI-ALT
2023-10-12T06:30:00Z,2023-10-12T09:30:00Z,Cours-5440-16-M1-IA-IL-ALT-Index-Education,Stat 7 = Info - C 128,UCE 1 DESIGN PATTERN AVANCE,NABITZ Sophie,TP,,AI-ALT
2023-09-22T11:00:00Z,2023-09-22T14:00:00Z,Cours-5496-13-M1-IA-IL-ALT-Index-Education,Stat 5 = Info - C 130,UCE 2 PROGRAMMATION PARALLELE,ROUVIER Mickael,TP,,AI-ALT
2023-10-17T11:00:00Z,2023-10-17T14:00:00Z,Cours-5505-17-M1-IA-IL-ALT-Index-Education,Stat9 = Info - C 026,UCE 2 PROGRAMMATION PARALLELE,ROUVIER Mickael,TP,,AI-ALT
2023-11-13T09:00:00Z,2023-11-13T12:00:00Z,Cours-5519-21-M1-IA-IL-ALT-Index-Education,Stat 1 = Info - C 137,UCE 2 PROGRAMMATION PARALLELE,ROUVIER Mickael,Evaluation,,AI-ALT
2023-12-22T15:00:00Z,2023-12-22T16:30:00Z,Cours-5848-26-M1-IA-IL-ALT-Index-Education,S3 = C 036,UCE 1 ANGLAIS (ORIENTE ENTREP,REY Carole,TP,,AI-ALT
2023-09-12T06:30:00Z,2023-09-12T09:30:00Z,Cours-5912-12-M1-IA-IL-ALT-Index-Education,S5 = C 024,UCE 1 INTRODUCTION A L'INTELL,LEFEVRE Fabrice,CM,,AI-ALT
2023-09-19T06:30:00Z,2023-09-19T09:30:00Z,Cours-5912-13-M1-IA-IL-ALT-Index-Education,S6 = C 022,UCE 1 INTRODUCTION A L'INTELL,LEFEVRE Fabrice,CM,,AI-ALT
2023-10-20T08:00:00Z,2023-10-20T09:30:00Z,Cours-5914-17-M1-IA-IL-ALT-Index-Education,Stat 1 = Info - C 137,UCE 1 INTRODUCTION A L'INTELL,LEFEVRE Fabrice,TP,,AI-ALT
2023-10-16T14:00:00Z,2023-10-16T17:00:00Z,Cours-5925-17-M1-IA-IL-ALT-Index-Education,S8 = C 030,UCE 3 GESTION DE PROJET,COSTA Jean-pierre,TD,,AI-ALT
2023-10-10T12:30:00Z,2023-10-10T14:00:00Z,Cours-5938-16-M1-IA-IL-ALT-Index-Education,Stat 8 = Info - C 127,UCE 1 INTRODUCTION A L'INTELL,LEFEVRE Fabrice,TP,,AI-ALT
2023-11-08T09:00:00Z,2023-11-08T12:00:00Z,Cours-5951-20-M1-IA-IL-ALT-Index-Education,,UCE 1 INTRODUCTION A L'INTELL,LEFEVRE Fabrice,TP,,AI-ALT
2023-09-15T15:30:00Z,2023-09-15T17:00:00Z,Cours-5961-12-M1-IA-IL-ALT-Index-Education,S5 = C 024,UCE 2 APPRENTISSAGE NON-SUPER,LABATUT Vincent,CM,,AI-ALT
2023-09-13T15:30:00Z,2023-09-13T17:00:00Z,Cours-5964-12-M1-IA-IL-ALT-Index-Education,S6 = C 022,UCE 2 APPRENTISSAGE NON-SUPER,LABATUT Vincent,CM,,AI-ALT
2023-10-16T12:30:00Z,2023-10-16T14:00:00Z,Cours-5972-17-M1-IA-IL-ALT-Index-Education,,UCE 2 APPRENTISSAGE NON-SUPER,LABATUT Vincent,CM,,AI-ALT
2023-11-09T09:00:00Z,2023-11-09T10:30:00Z,Cours-5974-20-M1-IA-IL-ALT-Index-Education,S6 = C 022,UCE 2 APPRENTISSAGE NON-SUPER,LABATUT Vincent,CM,,AI-ALT
2023-10-13T15:30:00Z,2023-10-13T17:00:00Z,Cours-5975-16-M1-IA-IL-ALT-Index-Education,S7 = C 032,UCE 2 APPRENTISSAGE NON-SUPER,LABATUT Vincent,TD,,AI-ALT
2023-09-18T06:30:00Z,2023-09-18T08:00:00Z,Cours-5980-13-M1-IA-IL-ALT-Index-Education,S6 = C 022,UCE 2 APPRENTISSAGE NON-SUPER,LABATUT Vincent,CM,,AI-ALT
2023-10-09T06:30:00Z,2023-10-09T08:00:00Z,Cours-5980-16-M1-IA-IL-ALT-Index-Education,S6 = C 022,UCE 2 APPRENTISSAGE NON-SUPER,LABATUT Vincent,CM,,AI-ALT
2023-12-04T07:30:00Z,2023-12-04T09:00:00Z,Cours-5980-24-M1-IA-IL-ALT-Index-Education,S6 = C 022,UCE 2 APPRENTISSAGE NON-SUPER,LABATUT Vincent,CM,,AI-ALT
2023-12-06T10:30:00Z,2023-12-06T12:00:00Z,Cours-5981-24-M1-IA-IL-ALT-Index-Education,S6 = C 022,UCE 2 APPRENTISSAGE NON-SUPER,LABATUT Vincent,TD,,AI-ALT
2023-12-05T13:30:00Z,2023-12-05T15:00:00Z,Cours-5982-24-M1-IA-IL-ALT-Index-Education,S6 = C 022,UCE 2 APPRENTISSAGE NON-SUPER,LABATUT Vincent,TD,,AI-ALT
2023-11-17T13:30:00Z,2023-11-17T15:00:00Z,Cours-5983-21-M1-IA-IL-ALT-Index-Education,S6 = C 022,UCE 2 APPRENTISSAGE NON-SUPER,LABATUT Vincent,TD,,AI-ALT
2023-11-14T07:30:00Z,2023-11-14T09:00:00Z,Cours-5984-21-M1-IA-IL-ALT-Index-Education,S7 = C 032,UCE 2 APPRENTISSAGE NON-SUPER,LABATUT Vincent,CM,,AI-ALT
2023-12-21T07:30:00Z,2023-12-21T09:30:00Z,Cours-5986-26-M1-IA-IL-ALT-Index-Education,S4 = C 034,UCE 2 APPRENTISSAGE NON-SUPER,LABATUT Vincent,Evaluation,,AI-ALT
2024-01-08T12:00:00Z,2024-01-08T13:30:00Z,Cours-6007-29-M1-IA-IL-ALT-Index-Education,S5 = C 024,UCE 3 OPTIMISATION NON-LINEAI,GUEYE Serigne,Evaluation,,AI-ALT
2023-11-13T13:30:00Z,2023-11-13T16:30:00Z,Cours-6027-21-M1-IA-IL-ALT-Index-Education,Stat 8 = Info - C 127,UCE 3 OPTIMISATION NON-LINEAI,GUEYE Serigne,CM,,AI-ALT
2023-12-18T07:30:00Z,2023-12-18T10:30:00Z,Cours-6033-26-M1-IA-IL-ALT-Index-Education,Stat9 = Info - C 026,UCE 3 OPTIMISATION NON-LINEAI,GUEYE Serigne,CM,,AI-ALT
2023-12-15T07:30:00Z,2023-12-15T09:00:00Z,Cours-6034-25-M1-IA-IL-ALT-Index-Education,Amphi Ada,UCE 3 OPTIMISATION NON-LINEAI,GUEYE Serigne,TP,,AI-ALT
2023-12-19T09:00:00Z,2023-12-19T12:00:00Z,Cours-6035-26-M1-IA-IL-ALT-Index-Education,Stat9 = Info - C 026,UCE 3 OPTIMISATION NON-LINEAI,GUEYE Serigne,TP,,AI-ALT
2023-09-15T12:30:00Z,2023-09-15T14:00:00Z,Cours-6045-12-M1-IA-IL-ALT-Index-Education,S5 = C 024,UCE 4 TRAITEMENT AUTOMATIQUE,ROUVIER Mickael,CM,,AI-ALT
2023-09-21T12:30:00Z,2023-09-21T14:00:00Z,Cours-6046-13-M1-IA-IL-ALT-Index-Education,S5 = C 024,UCE 4 TRAITEMENT AUTOMATIQUE,ROUVIER Mickael,CM,,AI-ALT
2023-12-13T10:30:00Z,2023-12-13T12:00:00Z,Cours-6050-25-M1-IA-IL-ALT-Index-Education,S5 = C 024,UCE 4 TRAITEMENT AUTOMATIQUE,ROUVIER Mickael,CM,,AI-ALT
2023-12-15T09:00:00Z,2023-12-15T12:00:00Z,Cours-6053-25-M1-IA-IL-ALT-Index-Education,Stat 1 = Info - C 137,UCE 4 TRAITEMENT AUTOMATIQUE,ROUVIER Mickael,TP,,AI-ALT
2024-01-10T07:30:00Z,2024-01-10T10:30:00Z,Cours-6055-29-M1-IA-IL-ALT-Index-Education,S5 = C 024,UCE 4 TRAITEMENT AUTOMATIQUE,ROUVIER Mickael,Evaluation,,AI-ALT
2023-09-18T14:00:00Z,2023-09-18T15:30:00Z,Cours-6057-13-M1-IA-IL-ALT-Index-Education,S6 = C 022,UCE 2 APPRENTISSAGE NON-SUPER,LABATUT Vincent,TD,,AI-ALT
2023-10-19T14:00:00Z,2023-10-19T17:00:00Z,Cours-6059-17-M1-IA-IL-ALT-Index-Education,Amphi Blaise,UCE 1 DESIGN PATTERN AVANCE,NABITZ Sophie,CM,,AI-ALT
2023-10-16T11:00:00Z,2023-10-16T12:30:00Z,Cours-6074-17-M1-IA-IL-ALT-Index-Education,,UCE 4 TRAITEMENT AUTOMATIQUE,ROUVIER Mickael,CM,,AI-ALT
2023-10-13T11:00:00Z,2023-10-13T14:00:00Z,Cours-6076-16-M1-IA-IL-ALT-Index-Education,Stat 4 = Info - C 131,UCE 4 TRAITEMENT AUTOMATIQUE,ROUVIER Mickael,TP,,AI-ALT
2023-10-09T08:00:00Z,2023-10-09T11:00:00Z,Cours-6078-16-M1-IA-IL-ALT-Index-Education,Stat 7 = Info - C 128,UCE 2 PROGRAMMATION PARALLELE,ROUVIER Mickael,TP,,AI-ALT
2023-11-06T09:00:00Z,2023-11-06T12:00:00Z,Cours-6078-20-M1-IA-IL-ALT-Index-Education,Stat 1 = Info - C 137,UCE 2 PROGRAMMATION PARALLELE,ROUVIER Mickael,TP,,AI-ALT
2023-12-08T10:30:00Z,2023-12-08T12:00:00Z,Cours-6081-24-M1-IA-IL-ALT-Index-Education,S3 = C 036,UCE 1 ANGLAIS (ORIENTE ENTREP,REY Carole,TP,,AI-ALT
2023-10-20T11:00:00Z,2023-10-20T12:30:00Z,Cours-6087-17-M1-IA-IL-ALT-Index-Education,S3 = C 036,UCE 1 ANGLAIS (ORIENTE ENTREP,REY Carole,TP,,AI-ALT
2024-01-09T09:00:00Z,2024-01-09T10:30:00Z,Cours-6088-29-M1-IA-IL-ALT-Index-Education,S3 = C 036,UCE 1 ANGLAIS (ORIENTE ENTREP,REY Carole,TP,,AI-ALT
2023-12-14T12:00:00Z,2023-12-14T15:00:00Z,Cours-6097-25-M1-IA-IL-ALT-Index-Education,Stat 4 = Info - C 131,UCE 4 APPLICATION DE MSI,MARTIN Yannis,TP,,AI-ALT
2023-11-02T07:00:00Z,2023-11-02T18:00:00Z,Cours-6344-19-M1-IA-IL-ALT-Index-Education,,Reservation de salles,,,entreprise,AI-ALT
2023-11-03T07:00:00Z,2023-11-03T18:00:00Z,Cours-6345-19-M1-IA-IL-ALT-Index-Education,,Reservation de salles,,,entreprise,AI-ALT
2023-12-25T07:00:00Z,2023-12-25T18:00:00Z,Cours-6347-27-M1-IA-IL-ALT-Index-Education,,Reservation de salles,,,entreprise,AI-ALT
2024-01-01T07:00:00Z,2024-01-01T18:00:00Z,Cours-6348-28-M1-IA-IL-ALT-Index-Education,,Reservation de salles,,,entreprise,AI-ALT
2023-12-21T13:30:00Z,2023-12-21T16:30:00Z,Cours-6662-26-M1-IA-IL-ALT-Index-Education,Stat 4 = Info - C 131,UCE 4 APPLICATION DE MSI,MARTIN Yannis,Evaluation,,AI-ALT
2024-01-09T15:00:00Z,2024-01-09T18:00:00Z,Cours-20569-29-M1-IA-IL-ALT-Index-Education,Amphi Blaise,UCE 3 GESTION DE PROJET,COSTA Jean-pierre,Evaluation,,AI-ALT
2024-01-09T10:30:00Z,2024-01-09T12:00:00Z,Cours-20588-29-M1-IA-IL-ALT-Index-Education,Amphi Ada,UCE 3 GESTION DE PROJET,COSTA Jean-pierre,CM,,AI-ALT
2023-11-10T07:30:00Z,2023-11-10T10:30:00Z,Cours-20602-20-M1-IA-IL-ALT-Index-Education,Stat 2 = Info - C 136,UCE 2 PROGRAMMATION PARALLELE,ROUVIER Mickael,TP,,AI-ALT
2023-09-22T06:30:00Z,2023-09-22T09:30:00Z,Cours-29625-13-M1-IA-IL-ALT-Index-Education,Stat 7 = Info - C 128,UCE 2 PROGRAMMATION PARALLELE,ROUVIER Mickael,TP,,AI-ALT
2023-09-18T11:00:00Z,2023-09-18T14:00:00Z,Cours-29631-13-M1-IA-IL-ALT-Index-Education,Amphi Ada,UCE 2 MANAGEMENT PAR LES PROC,PUY CAZCARRA Emmanuel,CM,,AI-ALT
2023-11-16T16:30:00Z,2023-11-16T18:00:00Z,Cours-29679-21-M1-IA-IL-ALT-Index-Education,S4 = C 034,UCE 2 APPRENTISSAGE NON-SUPER,LABATUT Vincent,TD,,AI-ALT
2023-12-13T15:00:00Z,2023-12-13T18:00:00Z,Cours-29703-25-M1-IA-IL-ALT-Index-Education,Amphi Blaise,UCE 2 MANAGEMENT PAR LES PROC,PUY CAZCARRA Emmanuel,CM,,AI-ALT
2023-12-21T10:30:00Z,2023-12-21T12:00:00Z,Cours-29706-26-M1-IA-IL-ALT-Index-Education,Amphi Blaise,UCE 2 MANAGEMENT PAR LES PROC,PUY CAZCARRA Emmanuel,Evaluation,,AI-ALT
2023-12-12T15:00:00Z,2023-12-12T16:30:00Z,Cours-29750-25-M1-IA-IL-ALT-Index-Education,Stat 4 = Info - C 131,UCE 1 INTRODUCTION A L'INTELL,LEFEVRE Fabrice,Evaluation,,AI-ALT
2023-09-12T11:00:00Z,2023-09-12T12:30:00Z,Cours-31014-12-M1-IA-IL-ALT-Index-Education,Amphi Blaise,UCE 2 PROGRAMMATION PARALLELE,ROUVIER Mickael,CM,,AI-ALT
2023-12-13T13:30:00Z,2023-12-13T15:00:00Z,Cours-31018-25-M1-IA-IL-ALT-Index-Education,S3 = C 036,UCE 1 ANGLAIS (ORIENTE ENTREP,REY Carole,TP,,AI-ALT
2023-09-21T06:30:00Z,2023-09-21T08:00:00Z,Cours-31045-13-M1-IA-IL-ALT-Index-Education,S3 = C 036,UCE 1 ANGLAIS (ORIENTE ENTREP,REY Carole,TP,,AI-ALT
2023-11-09T07:30:00Z,2023-11-09T09:00:00Z,Cours-31045-20-M1-IA-IL-ALT-Index-Education,S3 = C 036,UCE 1 ANGLAIS (ORIENTE ENTREP,REY Carole,TP,,AI-ALT
2023-11-16T07:30:00Z,2023-11-16T09:00:00Z,Cours-31045-21-M1-IA-IL-ALT-Index-Education,S3 = C 036,UCE 1 ANGLAIS (ORIENTE ENTREP,REY Carole,TP,,AI-ALT
2023-10-11T06:30:00Z,2023-10-11T09:30:00Z,Cours-31202-16-M1-IA-IL-ALT-Index-Education,Amphi Ada,UCE 1 DESIGN PATTERN AVANCE,NABITZ Sophie,CM,,AI-ALT
2023-10-11T14:00:00Z,2023-10-11T17:00:00Z,Cours-31203-16-M1-IA-IL-ALT-Index-Education,S5 = C 024,UCE 3 GESTION DE PROJET,COSTA Jean-pierre,TD,,AI-ALT
2023-12-07T13:30:00Z,2023-12-07T16:30:00Z,Cours-31205-24-M1-IA-IL-ALT-Index-Education,S4 = C 034,UCE 3 GESTION DE PROJET,COSTA Jean-pierre,TD,,AI-ALT
2023-10-12T14:00:00Z,2023-10-12T17:00:00Z,Cours-31217-16-M1-IA-IL-ALT-Index-Education,Stat 8 = Info - C 127,UCE 1 DESIGN PATTERN AVANCE,NABITZ Sophie,TP,,AI-ALT
2023-10-11T11:00:00Z,2023-10-11T14:00:00Z,Cours-31232-16-M1-IA-IL-ALT-Index-Education,Stat 4 = Info - C 131,UCE 1 DESIGN PATTERN AVANCE,NABITZ Sophie,TP,,AI-ALT
2023-11-15T07:30:00Z,2023-11-15T09:00:00Z,Cours-31662-21-M1-IA-IL-ALT-Index-Education,S5 = C 024,UCE 4 TRAITEMENT AUTOMATIQUE,ROUVIER Mickael,CM,,AI-ALT
2023-10-20T12:30:00Z,2023-10-20T14:00:00Z,Cours-31796-17-M1-IA-IL-ALT-Index-Education,S4 = C 034,UCE 2 APPRENTISSAGE NON-SUPER,LABATUT Vincent,TD,,AI-ALT
2023-12-07T16:30:00Z,2023-12-07T18:00:00Z,Cours-31806-24-M1-IA-IL-ALT-Index-Education,Amphi Ada,UCE 1 DESIGN PATTERN AVANCE,NABITZ Sophie,Evaluation,,AI-ALT
2023-11-15T13:30:00Z,2023-11-15T15:00:00Z,Cours-32022-21-M1-IA-IL-ALT-Index-Education,S6 = C 022,UCE 2 APPRENTISSAGE NON-SUPER,LABATUT Vincent,TD,,AI-ALT
2023-12-08T07:30:00Z,2023-12-08T09:00:00Z,Cours-33401-24-M1-IA-IL-ALT-Index-Education,S5 = C 024,UCE 3 OPTIMISATION NON-LINEAI,GUEYE Serigne,CM,,AI-ALT
2023-11-17T09:00:00Z,2023-11-17T12:00:00Z,Cours-33406-21-M1-IA-IL-ALT-Index-Education,Amphi Ada,UCE 3 OPTIMISATION NON-LINEAI,GUEYE Serigne,CM,,AI-ALT
2023-12-07T07:30:00Z,2023-12-07T09:00:00Z,Cours-33407-24-M1-IA-IL-ALT-Index-Education,Amphi Ada,UCE 3 OPTIMISATION NON-LINEAI,GUEYE Serigne,CM,,AI-ALT
2023-12-22T07:30:00Z,2023-12-22T10:30:00Z,Cours-33408-26-M1-IA-IL-ALT-Index-Education,Stat9 = Info - C 026,UCE 3 OPTIMISATION NON-LINEAI,GUEYE Serigne,CM,,AI-ALT
2023-11-10T12:00:00Z,2023-11-10T15:00:00Z,Cours-33411-20-M1-IA-IL-ALT-Index-Education,Amphi Ada,UCE 3 OPTIMISATION NON-LINEAI,GUEYE Serigne,CM,,AI-ALT
2023-10-17T14:00:00Z,2023-10-17T17:00:00Z,Cours-35391-17-M1-IA-IL-ALT-Index-Education,Amphi Blaise,UCE 2 MANAGEMENT PAR LES PROC,MARTIN Yannis,CM,,AI-ALT
2023-10-20T14:00:00Z,2023-10-20T15:30:00Z,Cours-36415-17-M1-IA-IL-ALT-Index-Education,S3 = C 036,UCE 4 TRAITEMENT AUTOMATIQUE,ROUVIER Mickael,CM,,AI-ALT
2023-09-19T12:30:00Z,2023-09-19T14:00:00Z,Cours-37212-13-M1-IA-IL-ALT-Index-Education,Amphi Blaise,UCE 2 PROGRAMMATION PARALLELE,ROUVIER Mickael,CM,,AI-ALT
2023-11-17T15:00:00Z,2023-11-17T16:30:00Z,Cours-37739-21-M1-IA-IL-ALT-Index-Education,Amphi Ada,Reservation de salles,FREDOUILLE Corinne,,Reunion alternance mi-semestre,AI-ALT
2023-09-12T14:00:00Z,2023-09-12T15:30:00Z,Cours-37893-12-M1-IA-IL-ALT-Index-Education,S3 = C 036,UCE 1 ANGLAIS (ORIENTE ENTREP,REY Carole,TP,,AI-ALT
2023-10-13T14:00:00Z,2023-10-13T15:30:00Z,Cours-37898-16-M1-IA-IL-ALT-Index-Education,S3 = C 036,UCE 1 ANGLAIS (ORIENTE ENTREP,REY Carole,TP,,AI-ALT
2023-09-13T06:30:00Z,2023-09-13T08:00:00Z,Cours-37899-12-M1-IA-IL-ALT-Index-Education,S3 = C 036,UCE 1 ANGLAIS (ORIENTE ENTREP,REY Carole,TP,,AI-ALT
2023-09-13T12:30:00Z,2023-09-13T14:00:00Z,Cours-38377-12-M1-IA-IL-ALT-Index-Education,Amphi Ada,UCE 2 PROGRAMMATION PARALLELE,ROUVIER Mickael,CM,,AI-ALT
2023-10-10T06:30:00Z,2023-10-10T08:00:00Z,Cours-39641-16-M1-IA-IL-ALT-Index-Education,S6 = C 022,UCE 1 INTRODUCTION A L'INTELL,LEFEVRE Fabrice,CM,,AI-ALT
2023-10-20T06:30:00Z,2023-10-20T08:00:00Z,Cours-39642-17-M1-IA-IL-ALT-Index-Education,S6 = C 022,UCE 1 INTRODUCTION A L'INTELL,LEFEVRE Fabrice,CM,,AI-ALT
2023-12-20T13:30:00Z,2023-12-20T15:00:00Z,Cours-42494-26-M1-IA-IL-ALT-Index-Education,S3 = C 036,UCE 1 ANGLAIS (ORIENTE ENTREP,REY Carole,TP,,AI-ALT
2023-11-09T15:00:00Z,2023-11-09T18:00:00Z,Cours-44251-20-M1-IA-IL-ALT-Index-Education,Stat 8 = Info - C 127,UCE 1 DESIGN PATTERN AVANCE,NABITZ Sophie,TP,,AI-ALT
2023-12-04T12:00:00Z,2023-12-04T18:00:00Z,Cours-44636-24-M1-IA-IL-ALT-Index-Education,S1 = C 042 Nodes,UCE 1 INTRODUCTION A L'INTELL,LEFEVRE Fabrice,Evaluation,,AI-ALT
2023-11-15T15:00:00Z,2023-11-15T18:00:00Z,Cours-47074-21-M1-IA-IL-ALT-Index-Education,Stat9 = Info - C 026,UCE 1 DESIGN PATTERN AVANCE,NABITZ Sophie,TP,,AI-ALT
2024-03-12T10:30:00Z,2024-03-12T11:30:00Z,Cours-52605-38-M1-IA-IL-ALT-Index-Education,Amphi Ada,Reservation de salles,HUET Stephane,,Reunion mi-semestre alternance,AI-ALT
2024-02-05T07:30:00Z,2024-02-05T10:30:00Z,Cours-53277-33-M1-IA-IL-ALT-Index-Education,S4 = C 034,UCE 1 TECHNIQUES DE TEST,FERREIRA Emmanuel,CM,,AI-ALT
2024-03-05T15:00:00Z,2024-03-05T18:00:00Z,Cours-73552-37-M1-IA-IL-ALT-Index-Education,Stat 2 = Info - C 136,UCE 3 PROCESSUS DU DEVELOPPEM,BONNEFOY Ludovic,TP,,AI-ALT
2024-02-13T07:30:00Z,2024-02-13T10:30:00Z,Cours-73553-34-M1-IA-IL-ALT-Index-Education,Stat 8 = Info - C 127,UCE 1 TECHNIQUES DE TEST,BONNEFOY Ludovic,TP,,AI-ALT
2024-03-05T07:30:00Z,2024-03-05T10:30:00Z,Cours-73553-37-M1-IA-IL-ALT-Index-Education,Stat 2 = Info - C 136,UCE 1 TECHNIQUES DE TEST,BONNEFOY Ludovic,TP,,AI-ALT
2024-03-12T07:30:00Z,2024-03-12T10:30:00Z,Cours-73553-38-M1-IA-IL-ALT-Index-Education,Stat 7 = Info - C 128,UCE 1 TECHNIQUES DE TEST,BONNEFOY Ludovic,TP,,AI-ALT
2024-04-09T08:00:00Z,2024-04-09T09:30:00Z,Cours-53315-42-M1-IA-IL-ALT-Index-Education,Stat 4 = Info - C 131,UCE 1 TECHNIQUES DE TEST,BONNEFOY Ludovic,TP,,AI-ALT
2024-02-06T15:00:00Z,2024-02-06T18:00:00Z,Cours-53321-33-M1-IA-IL-ALT-Index-Education,Stat 3 = Info - C 135,UCE 1 TECHNIQUES DE TEST,BONNEFOY Ludovic,TP,,AI-ALT
2024-03-19T15:00:00Z,2024-03-19T18:00:00Z,Cours-53321-39-M1-IA-IL-ALT-Index-Education,Stat 6 = Info - C 129,UCE 1 TECHNIQUES DE TEST,BONNEFOY Ludovic,TP,,AI-ALT
2024-01-29T15:00:00Z,2024-01-29T18:00:00Z,Cours-53326-32-M1-IA-IL-ALT-Index-Education,S4 = C 034,UCE 1 TECHNIQUES DE TEST,SALAS Daniel,CM,,AI-ALT
2024-04-15T08:00:00Z,2024-04-15T09:30:00Z,Cours-53327-43-M1-IA-IL-ALT-Index-Education,Amphi Ada,UCE 1 TECHNIQUES DE TEST,SALAS Daniel,Evaluation,,AI-ALT
2024-02-02T13:30:00Z,2024-02-02T15:00:00Z,Cours-53640-32-M1-IA-IL-ALT-Index-Education,S4 = C 034,UCE 2 ANGLAIS (ORIENTE TECHNI,RONDIN Lilian,TD,,AI-ALT
2024-02-05T13:30:00Z,2024-02-05T15:00:00Z,Cours-53653-33-M1-IA-IL-ALT-Index-Education,S4 = C 034,UCE 2 ANGLAIS (ORIENTE TECHNI,RONDIN Lilian,TD,,AI-ALT
2024-02-08T16:30:00Z,2024-02-08T18:00:00Z,Cours-53654-33-M1-IA-IL-ALT-Index-Education,S4 = C 034,UCE 2 ANGLAIS (ORIENTE TECHNI,RONDIN Lilian,TD,,AI-ALT
2024-02-09T13:30:00Z,2024-02-09T15:00:00Z,Cours-53656-33-M1-IA-IL-ALT-Index-Education,S3 = C 036,UCE 2 ANGLAIS (ORIENTE TECHNI,RONDIN Lilian,TD,,AI-ALT
2024-03-06T09:00:00Z,2024-03-06T10:30:00Z,Cours-53685-37-M1-IA-IL-ALT-Index-Education,S2 BIS = C 038,UCE 2 ANGLAIS (ORIENTE TECHNI,RONDIN Lilian,TD,,AI-ALT
2024-03-13T15:00:00Z,2024-03-13T16:30:00Z,Cours-53696-38-M1-IA-IL-ALT-Index-Education,S2 = C 040,UCE 2 ANGLAIS (ORIENTE TECHNI,RONDIN Lilian,TD,,AI-ALT
2024-03-15T16:30:00Z,2024-03-15T18:00:00Z,Cours-53697-38-M1-IA-IL-ALT-Index-Education,S2 = C 040,UCE 2 ANGLAIS (ORIENTE TECHNI,RONDIN Lilian,TD,,AI-ALT
2024-02-16T15:00:00Z,2024-02-16T16:30:00Z,Cours-53704-34-M1-IA-IL-ALT-Index-Education,S2 BIS = C 038,UCE 2 ANGLAIS (ORIENTE TECHNI,RONDIN Lilian,TD,,AI-ALT
2024-03-21T16:30:00Z,2024-03-21T18:00:00Z,Cours-53705-39-M1-IA-IL-ALT-Index-Education,S2 = C 040,UCE 2 ANGLAIS (ORIENTE TECHNI,RONDIN Lilian,TD,,AI-ALT
2024-04-11T14:00:00Z,2024-04-11T15:30:00Z,Cours-53724-42-M1-IA-IL-ALT-Index-Education,S2 = C 040,UCE 2 ANGLAIS (ORIENTE TECHNI,RONDIN Lilian,TD,,AI-ALT
2024-04-17T09:30:00Z,2024-04-17T11:00:00Z,Cours-53733-43-M1-IA-IL-ALT-Index-Education,S2 = C 040,UCE 2 ANGLAIS (ORIENTE TECHNI,RONDIN Lilian,TD,,AI-ALT
2024-05-16T06:30:00Z,2024-05-16T08:00:00Z,Cours-53740-47-M1-IA-IL-ALT-Index-Education,S2 = C 040,UCE 2 ANGLAIS (ORIENTE TECHNI,RONDIN Lilian,TD,,AI-ALT
2024-05-17T06:30:00Z,2024-05-17T08:00:00Z,Cours-76663-47-M1-IA-IL-ALT-Index-Education,S3 = C 036,UCE 2 ANGLAIS (ORIENTE TECHNI,RONDIN Lilian,TD,,AI-ALT
2024-05-15T12:30:00Z,2024-05-15T14:00:00Z,Cours-53749-47-M1-IA-IL-ALT-Index-Education,S2 = C 040,UCE 2 ANGLAIS (ORIENTE TECHNI,RONDIN Lilian,TD,,AI-ALT
2024-02-05T15:00:00Z,2024-02-05T16:30:00Z,Cours-53760-33-M1-IA-IL-ALT-Index-Education,S3 = C 036,UCE 2 ANGLAIS (ORIENTE TECHNI,RONDIN Lilian,TD,,AI-ALT
2024-01-31T07:30:00Z,2024-01-31T09:00:00Z,Cours-53777-32-M1-IA-IL-ALT-Index-Education,S2 = C 040,UCE 2 ANGLAIS (ORIENTE TECHNI,RONDIN Lilian,TD,,AI-ALT
2024-04-16T09:30:00Z,2024-04-16T11:00:00Z,Cours-76664-43-M1-IA-IL-ALT-Index-Education,S3 = C 036,UCE 2 ANGLAIS (ORIENTE TECHNI,RONDIN Lilian,TD,,AI-ALT
2024-02-13T12:00:00Z,2024-02-13T15:00:00Z,Cours-53841-34-M1-IA-IL-ALT-Index-Education,S6 = C 022,UCE 2 PROTOTYPAGE ET INTERFAC,CARIAS Patrick,CM,,AI-ALT
2024-01-30T07:30:00Z,2024-01-30T09:00:00Z,Cours-53842-32-M1-IA-IL-ALT-Index-Education,S6 = C 022,UCE 2 PROTOTYPAGE ET INTERFAC,CARIAS Patrick,CM,,AI-ALT
2024-02-02T07:30:00Z,2024-02-02T09:00:00Z,Cours-53843-32-M1-IA-IL-ALT-Index-Education,S5 = C 024,UCE 2 PROTOTYPAGE ET INTERFAC,CECILLON Noe,CM,,AI-ALT
2024-02-09T07:30:00Z,2024-02-09T09:00:00Z,Cours-53843-33-M1-IA-IL-ALT-Index-Education,S5 = C 024,UCE 2 PROTOTYPAGE ET INTERFAC,CECILLON Noe,CM,,AI-ALT
2024-02-14T15:00:00Z,2024-02-14T18:00:00Z,Cours-53869-34-M1-IA-IL-ALT-Index-Education,Stat 3 = Info - C 135,UCE 2 PROTOTYPAGE ET INTERFAC,CECILLON Noe,TP,,AI-ALT
2024-03-04T12:00:00Z,2024-03-04T15:00:00Z,Cours-53879-37-M1-IA-IL-ALT-Index-Education,Stat 1 = Info - C 137,UCE 2 PROTOTYPAGE ET INTERFAC,CECILLON Noe,TP,,AI-ALT
2024-03-11T12:00:00Z,2024-03-11T15:00:00Z,Cours-53879-38-M1-IA-IL-ALT-Index-Education,Stat 5 = Info - C 130,UCE 2 PROTOTYPAGE ET INTERFAC,CECILLON Noe,TP,,AI-ALT
2024-03-20T12:00:00Z,2024-03-20T13:30:00Z,Cours-53882-39-M1-IA-IL-ALT-Index-Education,Stat 2 = Info - C 136,UCE 2 PROTOTYPAGE ET INTERFAC,CECILLON Noe,TP,,AI-ALT
2024-03-11T07:30:00Z,2024-03-11T10:30:00Z,Cours-53892-38-M1-IA-IL-ALT-Index-Education,Stat 5 = Info - C 130,UCE 2 PROTOTYPAGE ET INTERFAC,CECILLON Noe,TP,,AI-ALT
2024-03-23T14:00:00Z,2024-03-23T17:00:00Z,Cours-53895-39-M1-IA-IL-ALT-Index-Education,Stat 1 = Info - C 137,UCE 2 PROTOTYPAGE ET INTERFAC,CECILLON Noe,TP,,AI-ALT
2024-04-08T14:00:00Z,2024-04-08T17:00:00Z,Cours-53896-42-M1-IA-IL-ALT-Index-Education,Stat 1 = Info - C 137,UCE 2 PROTOTYPAGE ET INTERFAC,CECILLON Noe,TP,,AI-ALT
2024-01-30T09:00:00Z,2024-01-30T12:00:00Z,Cours-53898-32-M1-IA-IL-ALT-Index-Education,S6 = C 022,UCE 3 PROCESSUS DU DEVELOPPEM,SALAS Daniel,CM,,AI-ALT
2024-02-02T09:00:00Z,2024-02-02T12:00:00Z,Cours-53899-32-M1-IA-IL-ALT-Index-Education,S5 = C 024,UCE 3 PROCESSUS DU DEVELOPPEM,SALAS Daniel,CM,,AI-ALT
2024-02-15T07:30:00Z,2024-02-15T10:30:00Z,Cours-53939-34-M1-IA-IL-ALT-Index-Education,Stat 2 = Info - C 136,UCE 3 PROCESSUS DU DEVELOPPEM,BONNEFOY Ludovic,TP,,AI-ALT
2024-03-12T12:00:00Z,2024-03-12T15:00:00Z,Cours-53948-38-M1-IA-IL-ALT-Index-Education,Stat 6 = Info - C 129,UCE 3 PROCESSUS DU DEVELOPPEM,BONNEFOY Ludovic,TP,,AI-ALT
2024-02-06T07:30:00Z,2024-02-06T10:30:00Z,Cours-53957-33-M1-IA-IL-ALT-Index-Education,Stat 2 = Info - C 136,UCE 3 PROCESSUS DU DEVELOPPEM,BONNEFOY Ludovic,TP,,AI-ALT
2024-03-19T07:30:00Z,2024-03-19T10:30:00Z,Cours-53957-39-M1-IA-IL-ALT-Index-Education,Stat 7 = Info - C 128,UCE 3 PROCESSUS DU DEVELOPPEM,BONNEFOY Ludovic,TP,,AI-ALT
2024-03-19T10:30:00Z,2024-03-19T12:00:00Z,Cours-53964-39-M1-IA-IL-ALT-Index-Education,Stat 3 = Info - C 135,UCE 3 PROCESSUS DU DEVELOPPEM,BONNEFOY Ludovic,Evaluation,,AI-ALT
2024-03-05T13:30:00Z,2024-03-05T15:00:00Z,Cours-54276-37-M1-IA-IL-ALT-Index-Education,S2 BIS = C 038,UCE 2 ANGLAIS (ORIENTE TECHNI,RONDIN Lilian,TD,,AI-ALT
2024-03-12T15:00:00Z,2024-03-12T16:30:00Z,Cours-54305-38-M1-IA-IL-ALT-Index-Education,Stat 1 = Info - C 137,UCE 1 VEILLE TECHNOLOGIQUE,LEFEVRE Fabrice,TP,,AI-ALT
2024-05-15T08:00:00Z,2024-05-15T11:00:00Z,Cours-54316-47-M1-IA-IL-ALT-Index-Education,Stat 1 = Info - C 137,UCE 1 VEILLE TECHNOLOGIQUE,LEFEVRE Fabrice,TP,,AI-ALT
2024-02-08T10:30:00Z,2024-02-08T12:00:00Z,Cours-78662-33-M1-IA-IL-ALT-Index-Education,Amphi Blaise,Reservation de salles,,,AGORA - CMI UNIQUEMENT,AI-ALT
2023-12-11T09:00:00Z,2023-12-11T12:00:00Z,Cours-58869-25-M1-IA-IL-ALT-Index-Education,Stat 1 = Info - C 137,UCE 4 TRAITEMENT AUTOMATIQUE,ROUVIER Mickael,TP,,AI-ALT
2023-12-17T12:00:00Z,2023-12-17T13:30:00Z,Cours-58872-25-M1-IA-IL-ALT-Index-Education,S1 = C 042 Nodes,UCE 4 TRAITEMENT AUTOMATIQUE,ROUVIER Mickael,CM,,AI-ALT
2024-01-29T13:30:00Z,2024-01-29T15:00:00Z,Cours-73709-32-M1-IA-IL-ALT-Index-Education,S2 = C 040,UCE 2 ANGLAIS (ORIENTE TECHNI,RONDIN Lilian,TD,,AI-ALT
2023-11-17T12:00:00Z,2023-11-17T13:30:00Z,Cours-62716-21-M1-IA-IL-ALT-Index-Education,S6 = C 022,Reservation de salles,MDHAFFAR Salima,,Seminaire recherche LIA - CMI UNIQUEMENT,AI-ALT
2023-12-15T13:30:00Z,2023-12-15T16:30:00Z,Cours-63838-25-M1-IA-IL-ALT-Index-Education,Amphi Ada,UCE 2 PROGRAMMATION PARALLELE,ROUVIER Mickael,Evaluation,,AI-ALT
2024-03-06T16:30:00Z,2024-03-06T18:00:00Z,Cours-73557-37-M1-IA-IL-ALT-Index-Education,S2 = C 040,UCE 2 ANGLAIS (ORIENTE TECHNI,RONDIN Lilian,TD,,AI-ALT
2024-03-22T07:30:00Z,2024-03-22T09:00:00Z,Cours-67540-39-M1-IA-IL-ALT-Index-Education,S2 BIS = C 038,UCE 2 ANGLAIS (ORIENTE TECHNI,RONDIN Lilian,TD,,AI-ALT
2023-12-19T13:30:00Z,2023-12-19T16:30:00Z,Cours-70542-26-M1-IA-IL-ALT-Index-Education,Stat 1 = Info - C 137,UCE 4 TRAITEMENT AUTOMATIQUE,ROUVIER Mickael,TP,,AI-ALT
2024-04-09T06:30:00Z,2024-04-09T08:00:00Z,Cours-73558-42-M1-IA-IL-ALT-Index-Education,S2 = C 040,UCE 2 ANGLAIS (ORIENTE TECHNI,RONDIN Lilian,TD,,AI-ALT
2024-04-15T15:30:00Z,2024-04-15T17:00:00Z,Cours-73559-43-M1-IA-IL-ALT-Index-Education,S2 = C 040,UCE 2 ANGLAIS (ORIENTE TECHNI,RONDIN Lilian,TD,,AI-ALT
2024-05-02T06:00:00Z,2024-05-02T17:00:00Z,Cours-76683-45-M1-IA-IL-ALT-Index-Education,,Reservation de salles,,,entreprise,AI-ALT
2024-05-03T06:00:00Z,2024-05-03T17:00:00Z,Cours-76684-45-M1-IA-IL-ALT-Index-Education,,Reservation de salles,,,entreprise,AI-ALT
2023-11-07T12:00:00Z,2023-11-07T15:00:00Z,Cours-80070-20-M1-IA-IL-ALT-Index-Education,Amphi Ada,UCE 2 MANAGEMENT PAR LES PROC,MARTIN Yannis,CM,,AI-ALT
2023-11-14T12:00:00Z,2023-11-14T15:00:00Z,Cours-80070-21-M1-IA-IL-ALT-Index-Education,Amphi Ada,UCE 2 MANAGEMENT PAR LES PROC,MARTIN Yannis,CM,,AI-ALT
2023-09-11T08:00:00Z,2023-09-11T09:30:00Z,Cours-2643-12-M1-IA-IL-ALT-Index-Education,Amphi Ada,Rentree specifique,"BENSLIMANE Abderrahim, LABATUT Vincent, ROUVIER Mickael",,reunion de rentree du master informatique,AI-ALT
2023-10-10T14:00:00Z,2023-10-10T17:00:00Z,Cours-2652-16-M1-IA-IL-ALT-Index-Education,Amphi Blaise,Reservation de salles,"FIGUEIREDO Rosa, VERNET Mathilde",,reunion d'information Ada Lovelace,AI-ALT
2023-10-20T15:30:00Z,2023-10-20T18:00:00Z,Cours-2653-17-M1-IA-IL-ALT-Index-Education,Amphi Blaise,Reservation de salles,"BENSLIMANE Abderrahim, FIGUEIREDO Rosa, HUET Stephane, JABAIAN Bassam, LABATUT Vincent, MATROUF Driss, ROUVIER Mickael, SPRIET Thierry",,ceremonie de remise des diplômes,AI-ALT
2024-01-11T07:00:00Z,2024-01-11T16:30:00Z,Cours-2658-29-M1-IA-IL-ALT-Index-Education,"Amphi Ada, Amphi Blaise, S1 = C 042 Nodes, S2 = C 040, S2 BIS = C 038, S3 = C 036, S4 = C 034, S5 = C 024, S6 = C 022, S7 = C 032, S8 = C 030",Reservation de salles,"BENSLIMANE Abderrahim, COSTA Jean-pierre, DE PELLEGRINI Francesco, ELAZOUZI Rachid, ESTEVE Yannick, FIGUEIREDO Rosa, FREDOUILLE Corinne, GILLES Philippe, GOZLAN Philippe, GUEYE Serigne, HADDAD Majed, HAYEL Yezekael, HUET Stephane, JABAIAN Bassam, JOURLIN Pierre, LABATUT Vincent, LEFEVRE Fabrice, MATROUF Driss, NOCERA Pascal, ROUVIER Mickael, SPRIET Thierry, TORRES MORENO Juan manuel, VERNET Mathilde, ZHOU Fen",,soutenance alternance,AI-ALT
2023-09-11T14:00:00Z,2023-09-11T17:00:00Z,Cours-37266-12-M1-IA-IL-ALT-Index-Education,S2 = C 040,Reservation de salles,LABATUT Vincent,,Entretiens individuels,AI-ALT
2024-05-14T06:00:00Z,2024-05-14T18:00:00Z,Cours-40436-47-M1-IA-IL-ALT-Index-Education,"Amphi Ada, Amphi Blaise, S1 = C 042 Nodes, S2 = C 040, S2 BIS = C 038, S3 = C 036, S4 = C 034, S5 = C 024, S6 = C 022, S7 = C 032, S8 = C 030, Stat 1 = Info - C 137, Stat 6 = Info - C 129, Stat 7 = Info - C 128",Reservation de salles,"BEILLON Jennifer, HUET Stephane",,salon alternance 2024,AI-ALT
2024-03-07T16:30:00Z,2024-03-07T18:00:00Z,Cours-76155-37-M1-IA-IL-ALT-Index-Education,S5 = C 024,UCE 2 APPROCHES NEURONALES,TORRES MORENO Juan manuel,Evaluation,,AI-ALT
2024-02-16T12:00:00Z,2024-02-16T13:30:00Z,Cours-46640-34-M1-IA-IL-ALT-Index-Education,Amphi Blaise,Reservation de salles,FIGUEIREDO Rosa,,semaine femmes en sciences,AI-ALT
2024-04-18T06:00:00Z,2024-04-18T18:00:00Z,Cours-53590-43-M1-IA-IL-ALT-Index-Education,,Reservation de salles,,,Voyage scolaire,AI-ALT
2024-04-19T06:00:00Z,2024-04-19T18:00:00Z,Cours-53592-43-M1-IA-IL-ALT-Index-Education,,Reservation de salles,,,Voyage scolaire,AI-ALT
2024-05-17T15:30:00Z,2024-05-17T17:00:00Z,Cours-53808-47-M1-IA-IL-ALT-Index-Education,Amphi Blaise,UCE 2 ANGLAIS (ORIENTE TECHNI,RONDIN Lilian,Evaluation,,AI-ALT
2024-03-22T13:30:00Z,2024-03-22T15:00:00Z,Cours-53809-39-M1-IA-IL-ALT-Index-Education,Amphi Blaise,UCE 2 ANGLAIS (ORIENTE TECHNI,RONDIN Lilian,Evaluation,,AI-ALT
2024-02-16T13:30:00Z,2024-02-16T15:00:00Z,Cours-71065-34-M1-IA-IL-ALT-Index-Education,S6 = C 022,UCE 1 MODELES STOCHASTIQUES,HAYEL Yezekael,CM,,AI-ALT
2024-03-04T16:30:00Z,2024-03-04T18:00:00Z,Cours-71069-37-M1-IA-IL-ALT-Index-Education,S6 = C 022,UCE 1 MODELES STOCHASTIQUES,HAYEL Yezekael,CM,,AI-ALT
2024-01-29T10:30:00Z,2024-01-29T12:00:00Z,Cours-54105-32-M1-IA-IL-ALT-Index-Education,S2 BIS = C 038,UCE 1 MODELES STOCHASTIQUES,HAYEL Yezekael,CM,,AI-ALT
2024-02-01T13:30:00Z,2024-02-01T15:00:00Z,Cours-54111-32-M1-IA-IL-ALT-Index-Education,S6 = C 022,UCE 1 MODELES STOCHASTIQUES,HAYEL Yezekael,CM,,AI-ALT
2024-02-12T09:00:00Z,2024-02-12T10:30:00Z,Cours-54113-34-M1-IA-IL-ALT-Index-Education,S2 BIS = C 038,UCE 1 MODELES STOCHASTIQUES,HAYEL Yezekael,CM,,AI-ALT
2024-03-06T07:30:00Z,2024-03-06T09:00:00Z,Cours-54124-37-M1-IA-IL-ALT-Index-Education,S2 BIS = C 038,UCE 1 MODELES STOCHASTIQUES,HUET Stephane,CM,,AI-ALT
2024-03-13T07:30:00Z,2024-03-13T09:00:00Z,Cours-54124-38-M1-IA-IL-ALT-Index-Education,S2 BIS = C 038,UCE 1 MODELES STOCHASTIQUES,HUET Stephane,CM,,AI-ALT
2024-03-14T13:30:00Z,2024-03-14T15:00:00Z,Cours-54135-38-M1-IA-IL-ALT-Index-Education,Amphi Ada,UCE 1 MODELES STOCHASTIQUES,HUET Stephane,CM,,AI-ALT
2024-03-18T07:30:00Z,2024-03-18T09:00:00Z,Cours-54136-39-M1-IA-IL-ALT-Index-Education,S2 BIS = C 038,UCE 1 MODELES STOCHASTIQUES,HUET Stephane,CM,,AI-ALT
2024-03-20T07:30:00Z,2024-03-20T09:00:00Z,Cours-54142-39-M1-IA-IL-ALT-Index-Education,S2 BIS = C 038,UCE 1 MODELES STOCHASTIQUES,HUET Stephane,CM,,AI-ALT
2024-05-13T06:30:00Z,2024-05-13T08:00:00Z,Cours-54144-47-M1-IA-IL-ALT-Index-Education,S5 = C 024,UCE 1 MODELES STOCHASTIQUES,HUET Stephane,Evaluation,,AI-ALT
2024-04-08T06:30:00Z,2024-04-08T08:00:00Z,Cours-54145-42-M1-IA-IL-ALT-Index-Education,S2 BIS = C 038,UCE 1 MODELES STOCHASTIQUES,HUET Stephane,CM,,AI-ALT
2024-02-12T12:00:00Z,2024-02-12T15:00:00Z,Cours-54148-34-M1-IA-IL-ALT-Index-Education,Stat 8 = Info - C 127,UCE 1 MODELES STOCHASTIQUES,HAYEL Yezekael,TP,,AI-ALT
2024-04-08T11:00:00Z,2024-04-08T14:00:00Z,Cours-54148-42-M1-IA-IL-ALT-Index-Education,Stat 5 = Info - C 130,UCE 1 MODELES STOCHASTIQUES,HUET Stephane,TP,,AI-ALT
2024-04-15T11:00:00Z,2024-04-15T14:00:00Z,Cours-54148-43-M1-IA-IL-ALT-Index-Education,Stat 5 = Info - C 130,UCE 1 MODELES STOCHASTIQUES,HUET Stephane,TP,,AI-ALT
2024-03-15T07:30:00Z,2024-03-15T10:30:00Z,Cours-54149-38-M1-IA-IL-ALT-Index-Education,Stat 3 = Info - C 135,UCE 1 MODELES STOCHASTIQUES,HUET Stephane,TP,,AI-ALT
2024-03-21T09:00:00Z,2024-03-21T12:00:00Z,Cours-54150-39-M1-IA-IL-ALT-Index-Education,Stat 5 = Info - C 130,UCE 1 MODELES STOCHASTIQUES,HUET Stephane,TP,,AI-ALT
2024-02-01T07:30:00Z,2024-02-01T09:00:00Z,Cours-54156-32-M1-IA-IL-ALT-Index-Education,S5 = C 024,UCE 2 APPROCHES NEURONALES,TORRES MORENO Juan manuel,CM,,AI-ALT
2024-02-07T07:30:00Z,2024-02-07T09:00:00Z,Cours-54158-33-M1-IA-IL-ALT-Index-Education,S6 = C 022,UCE 2 APPROCHES NEURONALES,TORRES MORENO Juan manuel,CM,,AI-ALT
2024-01-31T09:00:00Z,2024-01-31T10:30:00Z,Cours-54159-32-M1-IA-IL-ALT-Index-Education,S6 = C 022,UCE 2 APPROCHES NEURONALES,TORRES MORENO Juan manuel,CM,,AI-ALT
2024-02-08T07:30:00Z,2024-02-08T09:00:00Z,Cours-54164-33-M1-IA-IL-ALT-Index-Education,Amphi Ada,UCE 2 APPROCHES NEURONALES,TORRES MORENO Juan manuel,CM,,AI-ALT
2024-02-15T10:30:00Z,2024-02-15T12:00:00Z,Cours-54165-34-M1-IA-IL-ALT-Index-Education,S5 = C 024,UCE 2 APPROCHES NEURONALES,TORRES MORENO Juan manuel,CM,,AI-ALT
2024-03-08T07:30:00Z,2024-03-08T09:00:00Z,Cours-54175-37-M1-IA-IL-ALT-Index-Education,S5 = C 024,UCE 2 APPROCHES NEURONALES,ESTEVE Yannick,CM,,AI-ALT
2024-03-18T09:00:00Z,2024-03-18T10:30:00Z,Cours-54180-39-M1-IA-IL-ALT-Index-Education,S5 = C 024,UCE 2 APPROCHES NEURONALES,ESTEVE Yannick,CM,,AI-ALT
2024-03-14T10:30:00Z,2024-03-14T12:00:00Z,Cours-54181-38-M1-IA-IL-ALT-Index-Education,S5 = C 024,UCE 2 APPROCHES NEURONALES,ESTEVE Yannick,CM,,AI-ALT
2024-03-20T09:00:00Z,2024-03-20T10:30:00Z,Cours-54182-39-M1-IA-IL-ALT-Index-Education,S5 = C 024,UCE 2 APPROCHES NEURONALES,ESTEVE Yannick,CM,,AI-ALT
2024-02-02T15:00:00Z,2024-02-02T18:00:00Z,Cours-54183-32-M1-IA-IL-ALT-Index-Education,Stat 6 = Info - C 129,UCE 2 APPROCHES NEURONALES,TORRES MORENO Juan manuel,TP,,AI-ALT
2024-02-08T12:00:00Z,2024-02-08T15:00:00Z,Cours-54186-33-M1-IA-IL-ALT-Index-Education,Stat 6 = Info - C 129,UCE 2 APPROCHES NEURONALES,TORRES MORENO Juan manuel,TP,,AI-ALT
2024-03-15T12:00:00Z,2024-03-15T15:00:00Z,Cours-54196-38-M1-IA-IL-ALT-Index-Education,Stat9 = Info - C 026,UCE 2 APPROCHES NEURONALES,ESTEVE Yannick,TP,,AI-ALT
2024-03-08T15:00:00Z,2024-03-08T18:00:00Z,Cours-54197-37-M1-IA-IL-ALT-Index-Education,Stat 6 = Info - C 129,UCE 2 APPROCHES NEURONALES,ESTEVE Yannick,TP,,AI-ALT
2024-04-09T11:00:00Z,2024-04-09T14:00:00Z,Cours-54199-42-M1-IA-IL-ALT-Index-Education,Stat 5 = Info - C 130,UCE 2 APPROCHES NEURONALES,ESTEVE Yannick,TP,,AI-ALT
2024-04-16T06:30:00Z,2024-04-16T09:30:00Z,Cours-54201-43-M1-IA-IL-ALT-Index-Education,Stat 5 = Info - C 130,UCE 2 APPROCHES NEURONALES,ESTEVE Yannick,TP,,AI-ALT
2024-04-10T11:00:00Z,2024-04-10T14:00:00Z,Cours-54202-42-M1-IA-IL-ALT-Index-Education,Stat 5 = Info - C 130,UCE 2 APPROCHES NEURONALES,ESTEVE Yannick,TP,,AI-ALT
2024-02-07T13:30:00Z,2024-02-07T16:30:00Z,Cours-54212-33-M1-IA-IL-ALT-Index-Education,Stat 6 = Info - C 129,UCE 2 APPROCHES NEURONALES,TORRES MORENO Juan manuel,TP,,AI-ALT
2024-03-07T07:30:00Z,2024-03-07T10:30:00Z,Cours-54217-37-M1-IA-IL-ALT-Index-Education,Stat 1 = Info - C 137,UCE 2 APPROCHES NEURONALES,TORRES MORENO Juan manuel,TP,,AI-ALT
2024-04-16T12:30:00Z,2024-04-16T15:30:00Z,Cours-54226-43-M1-IA-IL-ALT-Index-Education,Stat 5 = Info - C 130,UCE 3 APPLICATION IA,ESTEVE Yannick,TP,,AI-ALT
2024-04-11T06:30:00Z,2024-04-11T09:30:00Z,Cours-54227-42-M1-IA-IL-ALT-Index-Education,Stat 5 = Info - C 130,UCE 3 APPLICATION IA,ESTEVE Yannick,TP,,AI-ALT
2024-04-10T14:00:00Z,2024-04-10T17:00:00Z,Cours-54228-42-M1-IA-IL-ALT-Index-Education,Stat 5 = Info - C 130,UCE 3 APPLICATION IA,ESTEVE Yannick,TP,,AI-ALT
2024-04-17T12:30:00Z,2024-04-17T15:30:00Z,Cours-54229-43-M1-IA-IL-ALT-Index-Education,Stat 5 = Info - C 130,UCE 3 APPLICATION IA,ESTEVE Yannick,TP,,AI-ALT
2024-05-13T11:00:00Z,2024-05-13T14:00:00Z,Cours-54231-47-M1-IA-IL-ALT-Index-Education,Stat 5 = Info - C 130,UCE 3 APPLICATION IA,ESTEVE Yannick,TP,,AI-ALT
2024-05-16T11:00:00Z,2024-05-16T14:00:00Z,Cours-54235-47-M1-IA-IL-ALT-Index-Education,Stat 5 = Info - C 130,UCE 3 APPLICATION IA,ESTEVE Yannick,TP,,AI-ALT
2024-05-17T12:30:00Z,2024-05-17T15:30:00Z,Cours-54240-47-M1-IA-IL-ALT-Index-Education,Stat 3 = Info - C 135,UCE 3 APPLICATION IA,ESTEVE Yannick,TP,,AI-ALT
2024-04-12T14:00:00Z,2024-04-12T17:00:00Z,Cours-54241-42-M1-IA-IL-ALT-Index-Education,Stat 5 = Info - C 130,UCE 3 APPLICATION IA,ESTEVE Yannick,TP,,AI-ALT
2024-02-05T10:30:00Z,2024-02-05T12:00:00Z,Cours-54266-33-M1-IA-IL-ALT-Index-Education,Amphi Blaise,UCE 1 VEILLE TECHNOLOGIQUE,LEFEVRE Fabrice,CM,,AI-ALT
2024-01-30T13:30:00Z,2024-01-30T16:30:00Z,Cours-54267-32-M1-IA-IL-ALT-Index-Education,Amphi Blaise,UCE 1 VEILLE TECHNOLOGIQUE,LEFEVRE Fabrice,CM,,AI-ALT
2024-02-14T12:00:00Z,2024-02-14T15:00:00Z,Cours-54268-34-M1-IA-IL-ALT-Index-Education,Amphi Blaise,UCE 1 VEILLE TECHNOLOGIQUE,"LEFEVRE Fabrice, TORRES MORENO Juan manuel",Conference,,AI-ALT
2024-02-14T09:00:00Z,2024-02-14T10:30:00Z,Cours-54275-34-M1-IA-IL-ALT-Index-Education,Amphi Blaise,UCE 1 VEILLE TECHNOLOGIQUE,LEFEVRE Fabrice,CM,,AI-ALT
2024-03-06T13:30:00Z,2024-03-06T16:30:00Z,Cours-54278-37-M1-IA-IL-ALT-Index-Education,Amphi Blaise,UCE 1 VEILLE TECHNOLOGIQUE,"LEFEVRE Fabrice, TORRES MORENO Juan manuel",Conference,,AI-ALT
2024-03-14T15:00:00Z,2024-03-14T18:00:00Z,Cours-54285-38-M1-IA-IL-ALT-Index-Education,Amphi Blaise,UCE 1 VEILLE TECHNOLOGIQUE,"HADDAD Majed, LEFEVRE Fabrice",Conference,,AI-ALT
2024-03-08T09:00:00Z,2024-03-08T12:00:00Z,Cours-54286-37-M1-IA-IL-ALT-Index-Education,Stat 5 = Info - C 130,UCE 1 MODELES STOCHASTIQUES,HAYEL Yezekael,TP,,AI-ALT
2024-05-17T09:30:00Z,2024-05-17T11:00:00Z,Cours-54288-47-M1-IA-IL-ALT-Index-Education,"Stat 1 = Info - C 137, Stat 2 = Info - C 136, Stat 7 = Info - C 128",UCE 1 VEILLE TECHNOLOGIQUE,LEFEVRE Fabrice,CM/TD,VISIO,AI-ALT
2024-05-16T14:00:00Z,2024-05-16T15:30:00Z,Cours-54317-47-M1-IA-IL-ALT-Index-Education,Stat 4 = Info - C 131,UCE 1 VEILLE TECHNOLOGIQUE,LEFEVRE Fabrice,Evaluation,QCM,AI-ALT
2024-04-17T15:30:00Z,2024-04-17T17:00:00Z,Cours-54324-43-M1-IA-IL-ALT-Index-Education,Stat 2 = Info - C 136,UCE 1 VEILLE TECHNOLOGIQUE,LEFEVRE Fabrice,Conference,VISIO,AI-ALT
2024-03-06T10:30:00Z,2024-03-06T12:00:00Z,Cours-60297-37-M1-IA-IL-ALT-Index-Education,S5 = C 024,UCE 2 APPROCHES NEURONALES,ESTEVE Yannick,CM,,AI-ALT
2024-03-13T12:00:00Z,2024-03-13T13:30:00Z,Cours-60298-38-M1-IA-IL-ALT-Index-Education,S5 = C 024,UCE 2 APPROCHES NEURONALES,ESTEVE Yannick,CM,,AI-ALT
2024-02-09T09:00:00Z,2024-02-09T12:00:00Z,Cours-62620-33-M1-IA-IL-ALT-Index-Education,Stat 5 = Info - C 130,UCE 2 APPROCHES NEURONALES,TORRES MORENO Juan manuel,TP,,AI-ALT
2024-04-17T06:30:00Z,2024-04-17T09:30:00Z,Cours-76665-43-M1-IA-IL-ALT-Index-Education,Stat 5 = Info - C 130,UCE 3 APPLICATION IA,ESTEVE Yannick,TP,,AI-ALT
2024-05-15T14:00:00Z,2024-05-15T17:00:00Z,Cours-76667-47-M1-IA-IL-ALT-Index-Education,Stat 1 = Info - C 137,UCE 3 APPLICATION IA,ESTEVE Yannick,TP,,AI-ALT
2024-03-04T15:00:00Z,2024-03-04T16:30:00Z,Cours-80694-37-M1-IA-IL-ALT-Index-Education,S5 = C 024,UCE 1 MODELES STOCHASTIQUES,HUET Stephane,CM,,AI-ALT
